{
  "prepare_queue": {
    "installed": [],
    "uninstalled": []
  },
  "config_munge": {
    "files": {
      "res/xml/config.xml": {
        "parents": {
          "/*": [
            {
              "xml": "<feature name=\"Whitelist\"><param name=\"android-package\" value=\"org.apache.cordova.whitelist.WhitelistPlugin\" /><param name=\"onload\" value=\"true\" /></feature>",
              "count": 1
            },
            {
              "xml": "<feature name=\"connectivity\"><param name=\"android-package\" value=\"com.appfeel.cordova.connectivity.Connectivity\" /></feature>",
              "count": 1
            },
            {
              "xml": "<feature name=\"AdMobAds\"><param name=\"android-package\" value=\"com.appfeel.cordova.admob.AdMobAds\" /></feature>",
              "count": 1
            }
          ]
        }
      },
      "AndroidManifest.xml": {
        "parents": {
          "/*": [
            {
              "xml": "<uses-permission android:name=\"android.permission.ACCESS_NETWORK_STATE\" />",
              "count": 2
            },
            {
              "xml": "<uses-permission android:name=\"android.permission.INTERNET\" />",
              "count": 2
            }
          ],
          "/manifest/application": [
            {
              "xml": "<activity android:configChanges=\"keyboard|keyboardHidden|orientation|screenLayout|uiMode|screenSize|smallestScreenSize\" android:name=\"com.google.android.gms.ads.AdActivity\" android:theme=\"@android:style/Theme.Translucent\" />",
              "count": 1
            }
          ]
        }
      }
    }
  },
  "installed_plugins": {
    "cordova-plugin-whitelist": {
      "PACKAGE_NAME": "com.tetris.master"
    },
    "cordova-connectivity-monitor": {
      "PACKAGE_NAME": "com.tetris.master"
    },
    "cordova-play-services-version-adapter": {
      "PACKAGE_NAME": "com.tetris.master"
    },
    "cordova-admob": {
      "PACKAGE_NAME": "com.tetris.master"
    }
  },
  "dependent_plugins": {},
  "modules": [
    {
      "id": "cordova-connectivity-monitor.connectivity",
      "file": "plugins/cordova-connectivity-monitor/www/connectivity.js",
      "pluginId": "cordova-connectivity-monitor",
      "clobbers": [
        "window.connectivity"
      ]
    },
    {
      "id": "cordova-admob.AdMobAds",
      "file": "plugins/cordova-admob/www/admob.js",
      "pluginId": "cordova-admob",
      "clobbers": [
        "window.admob",
        "window.tappx"
      ]
    }
  ],
  "plugin_metadata": {
    "cordova-plugin-whitelist": "1.3.4",
    "cordova-connectivity-monitor": "1.2.2",
    "cordova-play-services-version-adapter": "1.0.2",
    "cordova-admob": "5.1.0"
  }
}
